time_s,epoch_end_s,accepted,quality_reasons,quality_warnings,sqi_min,emg_max_db,soi,rdi,classification,recorded_bis,recorded_sqi,recorded_emg,recorded_sef,recorded_sr,recorded_totpow,BIS_EEG1__delta_power_uv2,BIS_EEG1__theta_power_uv2,BIS_EEG1__alpha_power_uv2,BIS_EEG1__beta_power_uv2,BIS_EEG1__gamma_power_uv2,BIS_EEG1__delta_relative_power,BIS_EEG1__theta_relative_power,BIS_EEG1__alpha_relative_power,BIS_EEG1__beta_relative_power,BIS_EEG1__gamma_relative_power,BIS_EEG1__total_power_uv2,BIS_EEG1__delta_alpha_ratio,BIS_EEG1__sef95_hz,BIS_EEG1__spectral_entropy,BIS_EEG1__auto_bicoherence_squared_60s,BIS_EEG2__delta_power_uv2,BIS_EEG2__theta_power_uv2,BIS_EEG2__alpha_power_uv2,BIS_EEG2__beta_power_uv2,BIS_EEG2__gamma_power_uv2,BIS_EEG2__delta_relative_power,BIS_EEG2__theta_relative_power,BIS_EEG2__alpha_relative_power,BIS_EEG2__beta_relative_power,BIS_EEG2__gamma_relative_power,BIS_EEG2__total_power_uv2,BIS_EEG2__delta_alpha_ratio,BIS_EEG2__sef95_hz,BIS_EEG2__spectral_entropy,BIS_EEG2__auto_bicoherence_squared_60s
332.0,336.0,True,,,80.1,31.5,,,indeterminate,52.2,80.1,31.08,15.29,0.0,63.81,105.92636684189262,31.19908902898652,18.83024929044136,8.517739407790378,0.1909437081228308,0.6432864321795672,0.18947077358620393,0.1143553228931213,0.051727878121708176,0.0011595932193994032,164.6643882772337,5.625330031911108,13.7590618557574,0.6558564135837561,,49.18141671534907,7.858566880864597,5.0769673173036365,3.2663303302590956,0.07003645474499401,0.7513968496124084,0.12006369053836552,0.07756623339840764,0.04990320498807782,0.0010700214627405531,65.4533176985214,9.687164332873664,13.206330250274716,0.5627659331758691,
336.0,340.0,True,,,82.1,30.87,,,indeterminate,48.7,84.6,30.29,15.175,0.0,64.0,102.53092753534936,13.63356782767977,14.010547030210516,8.364589105061725,0.250077416511633,0.7387502166913633,0.09823183530162055,0.10094802517966209,0.06026807873915047,0.0018018440882034464,138.78970891481302,7.3181245039372875,14.048347923253496,0.5752389181291382,,41.812018131826896,5.465100135923281,4.249392240455735,2.897994103102307,0.1098118751597168,0.7667102262517964,0.10021396595810243,0.07792143579007126,0.0531407431102838,0.002013628889746246,54.53431648646793,9.839528988113058,13.374365969404678,0.5343055992352984,
340.0,344.0,True,,,87.2,29.61,,,indeterminate,49.1,89.7,29.02,15.25,0.0,63.69,216.6117132164373,9.789840714205614,13.14499933351626,11.655906497690612,0.28947812911603504,0.8613067879350836,0.038927055858347215,0.05226807445101986,0.04634703837998984,0.0011510433755595702,251.49193789096577,16.47864010644222,12.749864913494598,0.41484146181525383,,97.43820444775056,5.243603016782165,4.396294042726872,4.055840218636888,0.10384123451592903,0.8759452216197722,0.04713868684930796,0.03952158992858961,0.03646099473306018,0.0009335068692701681,111.2377829604124,22.16371414213071,11.201949599562315,0.4073509941029923,
344.0,348.0,True,,,91.7,30.56,,,indeterminate,49.1,94.2,29.99,15.36,0.0,63.385000000000005,114.83471168533937,20.06443473354274,13.63483647141527,9.01563715238472,0.2671584448381251,0.7276457724323667,0.12713752571707315,0.08639662146248588,0.057127241087978835,0.0016928393000954038,157.81677848752022,8.422155405096674,13.5908875391107,0.48385124556961095,,59.46292046633162,7.911930576318219,3.134399541533118,2.481049184522019,0.12494776345717563,0.8132766074569454,0.10821177310297551,0.04286930082749634,0.033933403336023016,0.0017089152765599716,73.11524753216213,18.971072346841503,10.846758835911068,0.42303691281573774,
348.0,352.0,True,,,96.8,30.56,,,indeterminate,51.6,99.4,29.97,15.69,0.0,63.225,320.96851506708833,21.925626549971884,6.744030036024029,6.947804562039562,0.229310868958164,0.8995368939768924,0.061448114314690785,0.01890061967674279,0.0194717121534155,0.0006426598782583208,356.81528708408206,47.592984217537186,6.329231602482288,0.3951275842034043,,74.5795695661408,6.286675520292619,1.8416658333919793,2.2811123699716096,0.061306750315259576,0.8768874798130338,0.07391712080749877,0.02165383523524712,0.02682073507411164,0.0007208290701087872,85.05033004011226,40.495712204629534,7.902829417148735,0.41633292838841807,
352.0,356.0,True,,,100.0,29.62,,,indeterminate,53.2,100.0,28.69,15.795,0.0,63.38,227.10510833989483,17.983482441920344,11.892125021723421,5.61504421995235,0.18194232106669234,0.8642480176727919,0.06843610504798527,0.04525545704836977,0.02136803910626264,0.000692381124590728,262.77770234455755,19.097100638030668,9.296635486057312,0.31163090327088694,,116.37571421095625,5.161974938633053,3.1097925102758395,2.045964023020297,0.1004213860852712,0.917833937091394,0.040711550629062745,0.02452636379158811,0.016136143413840162,0.0007920050741148705,126.79386706897071,37.422340502271545,6.685088129633869,0.3145086916444602,
356.0,360.0,True,,,100.0,28.52,,,indeterminate,48.25,100.0,28.29,15.745,0.0,63.144999999999996,114.73439361005988,8.851240245002785,10.866622224518956,7.633425677457124,0.31433356587057626,0.8057189695512724,0.062157579301740415,0.07631054111811415,0.053605511629668055,0.0022073983992051322,142.4000153229093,10.55842296156927,13.288804385123283,0.4477083060562071,,48.387275546227265,3.45831085201538,3.544680583164586,1.9939250961603945,0.1265417398563995,0.8413607744919327,0.06013331116577782,0.06163511309762934,0.034670486078136165,0.0022003151665239426,57.510733817424025,13.650673004513298,11.187502515863525,0.41183483544006133,
360.0,364.0,True,,,100.0,28.37,,,indeterminate,49.9,100.0,27.735,15.73,0.0,63.03,502.65158278821957,6.855097006563726,8.414927657015056,5.9911702579887205,0.1648895054875795,0.9591165856371938,0.013080307434180113,0.01605664233266874,0.011431836601287073,0.00031462799467058407,524.0776672152745,59.733321934049776,2.882419722500563,0.2883133219849806,,107.59545573824082,3.0540738786900117,2.1320982287913655,1.932503669347116,0.07638900452457051,0.9373200439480109,0.02660562792873392,0.018573817934969913,0.01683504579123545,0.000665464397049506,114.79052051959391,50.46458661486439,5.444130513796837,0.3167248252822572,
364.0,368.0,True,,,100.0,27.75,,,indeterminate,48.6,100.0,27.53,15.82,0.0,62.565,376.7273766514132,14.077181954422866,8.117728246802237,6.349637298581034,0.25253517887298094,0.928988049879283,0.03471352129456683,0.020017851106225126,0.015657840489006113,0.000622737230918592,405.52445933009244,46.40798080421267,5.887649652520543,0.27698556685054265,,140.0252810557732,3.6539337427485603,2.145950196727591,2.5474626672893668,0.09295477837865736,0.9431497775687975,0.024611318547197034,0.014454193096110896,0.017158607573598023,0.0006261032142964796,148.4655824409174,65.25094630308801,4.695396538362498,0.2801476776794791,
368.0,372.0,True,,,100.0,27.41,,,indeterminate,45.8,100.0,27.11,15.69,0.0,62.545,67.35518846650665,13.425435033545167,13.24180466448856,5.757042697561184,0.2309899961604565,0.6734814327269679,0.1342403076471382,0.13240419602960599,0.05756440524476981,0.002309658351518076,100.01046085826202,5.0865565663521375,13.324344432650847,0.6219995469866858,,42.87808831932722,5.18453368989046,3.8417349982326003,1.539244679769292,0.08828693329541527,0.800982170146993,0.09684944476073641,0.0717653551412407,0.02875378992661597,0.0016492400244138058,53.53188862051499,11.161125985798966,11.630322506520006,0.5317215999688447,
372.0,376.0,True,,,100.0,26.76,,,indeterminate,44.3,100.0,26.42,15.35,0.0,62.945,199.9415501997372,14.842082512738695,6.852647389994481,5.835167878136892,0.210893976882883,0.878160108863724,0.0651876750086742,0.030097403826221693,0.025628548213134407,0.0009262640882456238,227.6823419574902,29.177271034209486,9.473144232922426,0.3826511891273118,,54.03288968781854,5.097311357835575,2.9237800494248987,2.3944925175155864,0.09016355983283579,0.8372177048526641,0.07898077153716652,0.04530278570360039,0.03710169012584255,0.0013970477807262402,64.53863717242744,18.480490589039587,11.74631866997921,0.4891107276158943,
376.0,380.0,True,,,100.0,27.04,,,indeterminate,43.1,100.0,26.895,14.98,0.0,62.85,199.1995719500431,11.720873124005253,14.710277632241048,5.892699147631411,0.3107609897790252,0.859232963433789,0.05055713950477848,0.06345171989653726,0.025417732084850517,0.001340445080044719,231.83418284369984,13.541523615669236,10.857598700706157,0.4581019221242275,,60.18968347880409,3.2447770029254537,4.778187070044226,2.7969182799681076,0.13099471498574083,0.8460670399029169,0.045610787685516886,0.06716544026815396,0.03931538152740577,0.0018413506160061652,71.14056054672764,12.596761616168155,11.881566193881032,0.4453638055080383,
380.0,384.0,True,,,100.0,26.98,,,indeterminate,43.4,100.0,26.785,14.675,0.0,62.925,219.55972356331463,9.486908785888053,7.8656736989641995,5.526635977676307,0.18333612202226385,0.9049446128335524,0.039101556783282206,0.0324194206690718,0.02277876549451948,0.0007556442195738106,242.62227814786553,27.913657744565175,8.89856491886117,0.34259154279328513,,135.93003573154724,2.1953242228257377,2.8097209611253104,2.0606904525170213,0.07631601119040392,0.9500807475553995,0.015344182523926804,0.01963849841428733,0.014403162002209834,0.0005334095041762547,143.07208737920575,48.37848228071247,3.9917150921107596,0.3592489068575002,
384.0,388.0,True,,,100.0,26.99,,,indeterminate,42.45,100.0,26.895000000000003,14.705,0.0,62.765,112.172469854179,15.040168931225386,8.197601361190486,6.988743020977972,0.2247192571176075,0.7864924829967122,0.10545350229683625,0.0574771319340771,0.04900127329584811,0.0015756094765262873,142.62370242469046,13.68357217090743,13.067946610647093,0.4495621290187716,,49.98028066636167,6.480924228842882,1.9782573698601702,3.0907813909931163,0.08242570244287584,0.8112013517146189,0.10518817471018575,0.03210796400249179,0.05016470513570891,0.0013378044369944755,61.612669358500725,25.264801955417177,13.204388790929931,0.517501376665307,
388.0,392.0,True,,,100.0,26.99,,,indeterminate,43.15,100.0,26.62,14.87,0.0,62.71,276.516610641206,6.919780152919397,16.262227713374287,5.352988281966761,0.19698141897939211,0.905873512025485,0.022669327296590373,0.053275357664452995,0.0175364882549804,0.0006453147584908038,305.24858820844594,17.003612021358848,9.998795684804596,0.36925872659015746,0.01828867265361667,62.42402087628647,2.1490275560082317,4.80111010048238,2.574472057250407,0.06621129007148913,0.8668216057492603,0.02984145351018409,0.06666834190202046,0.03574918711252288,0.000919411726012362,72.01484188009897,13.001997365154065,11.496445817454012,0.48243414878718893,0.01985037825929329
392.0,396.0,True,,,100.0,27.15,,,indeterminate,41.55,100.0,26.79,14.965,0.0,62.69,194.3525230338543,12.971638394540633,8.14202755050956,5.903580968182569,0.17301267697078643,0.8772685832138191,0.05855139238073293,0.036751490859108664,0.026647588778373883,0.0007809447679655468,221.54278262405785,23.870285604927847,10.406904663635151,0.45554254184025383,0.017482261747652633,59.62169534959407,3.6380513777302808,2.964277374537442,2.4362594955273162,0.08552642459238567,0.8672775159755921,0.05292033618582737,0.04311938972847384,0.03543866156713146,0.0012440965429753258,68.74581002198148,20.113399596722182,11.418936136609434,0.442571265748778,0.019838610390918682
396.0,400.0,True,,,100.0,27.15,,,indeterminate,40.6,100.0,26.7,15.215,0.0,62.379999999999995,229.92461288495807,8.279261252330699,11.491785718863618,8.974457016309323,0.28303112939236774,0.8879004355000611,0.031972043268118214,0.04437785679586075,0.03465668243679766,0.0010929819991620307,258.9531480018541,20.00773583060636,12.030318496895333,0.30697972653144884,0.017485767572444782,68.01661989326573,5.492033937047061,3.9565400672414723,3.2364539312180884,0.08911802851698805,0.8418860642243675,0.0679784858921664,0.04897267683079519,0.04005970109176877,0.001103071960902168,80.79076585728933,17.19093418424229,12.302334586829303,0.4535735724509516,0.019343672333839743
400.0,404.0,True,,,100.0,26.54,,,indeterminate,38.6,100.0,26.295,15.53,0.0,61.96,191.4467329890666,17.38796568364157,9.016280335490928,6.304062335202539,0.34429920542249937,0.852771916928775,0.07745219046583363,0.04016172302978354,0.028080538320474628,0.001533631255133336,224.4993405488241,21.233449478658265,9.469272918917717,0.43755817006855463,0.017179010644710106,73.99630164636858,4.161196427535836,2.3615897286403382,1.818547203727384,0.10230889116061496,0.8975782630132636,0.050475488347165406,0.028646183112139168,0.022059054358284386,0.0012410111691475928,82.43994389743274,31.333258588049166,8.42120899064533,0.40017253384635887,0.01740600873270525
404.0,408.0,True,,,100.0,26.43,,,indeterminate,37.0,100.0,26.2,15.504999999999999,0.0,62.065,72.07888512376272,11.315174022320026,11.821739567921174,7.0224415831189555,0.16007681410472085,0.7039069308675145,0.11050156234529912,0.11544857280300912,0.06857965815484061,0.001563275829336545,102.3983171112276,6.097147100021729,14.803187986916736,0.5150063575285951,0.017535396593045566,25.836476237724,4.227605472509489,3.771887671171797,2.2567795780427495,0.06675467965403882,0.7145141287223038,0.11691547303038337,0.10431248472926938,0.06241179637218024,0.0018461171458629148,36.159503639102084,6.84974699410852,14.807932598930453,0.5850721449502096,0.018350946636853785
408.0,412.0,True,,,100.0,26.6,,,indeterminate,40.1,100.0,26.439999999999998,15.675,0.0,61.83,119.16146217341199,12.839368412694714,8.447778935180141,4.861327020117122,0.16314253329540243,0.8191306799261701,0.08825941194316642,0.058071080841303066,0.03341736526811855,0.0011214620212419504,145.47307907469937,14.10565582832347,11.679130964085141,0.4606100327431218,0.017691411177865653,70.15415641820614,4.219633582202238,1.9556661200529222,1.48614334805893,0.06799211078124444,0.9007565649662519,0.054178723613507,0.025110117296807656,0.01908159752167734,0.000872996601755512,77.88359157930152,35.87225636260841,6.995245006418742,0.3627967837458292,0.019165535411124184
412.0,416.0,True,,,100.0,26.43,,,indeterminate,42.2,100.0,26.24,15.715,0.0,61.54,204.32370169311562,7.626869279689479,15.903042361195146,5.63299132929039,0.2023501760999367,0.8743404318511456,0.032636841073345815,0.06805217804206865,0.024104653697312413,0.0008658953361274932,233.6889548393906,12.848088878369829,10.671052939431435,0.3308715752873894,0.01721146091517216,101.73547450013508,2.3161131094488,4.226173185591225,2.3098762403752144,0.06867644848005157,0.9193824671812989,0.020930691042613265,0.038191884877866775,0.020874328519073334,0.000620628379147682,110.65631348403038,24.07271780697333,9.01224942776578,0.30747802845855965,0.019492253743614223
416.0,420.0,True,,,100.0,26.19,,,indeterminate,41.1,100.0,26.06,15.975,0.0,61.379999999999995,64.93394988437302,10.51539070567329,12.12962187756547,7.424604299604993,0.19450746940932204,0.6820931033013545,0.11045801913530352,0.12741457193152728,0.07799111861391501,0.002043187017899655,95.1980742366261,5.353336694235508,16.845757991426726,0.6171727136604301,0.017434910144513566,47.35413739720153,2.606072601386812,6.518269340513735,3.329524753778379,0.11455362151767083,0.7902556099641141,0.04349067698024225,0.10877822291199583,0.05556379568521596,0.001911694458431737,59.922557714398124,7.26483287563403,13.53247831296032,0.49363100951285643,0.020688699074139134
420.0,424.0,True,,,100.0,26.21,,,indeterminate,39.349999999999994,100.0,26.09,15.84,0.0,61.48,128.72862733080026,3.608003288385958,2.7260117039955016,4.258003526292456,0.14203629751536317,0.9230327808777125,0.02587074357700384,0.019546531459378975,0.03053149029361594,0.001018453792288758,139.46268214698955,47.22233112283537,8.24436783390698,0.29018164424212933,0.01810132775902091,61.33469762050358,1.1254935337881729,1.34715759554671,1.7056398790374112,0.07042180184448792,0.9352166533836336,0.017161253530374093,0.020541133599171278,0.026007184863299837,0.0010737746235212735,65.58341043072036,45.528969901708074,7.34499221479633,0.3174740971796792,0.020399119675650706
424.0,428.0,True,,,100.0,26.62,,,indeterminate,38.8,100.0,26.405,16.06,0.0,61.1,230.6724373050738,7.376202596932006,5.315814893565233,5.79912211731675,0.1358254676334512,0.9252827527961098,0.029587726751439405,0.02132301498842493,0.02326167677074968,0.0005448286932759361,249.2994023805213,43.393617333120766,6.571931573006447,0.3479439031304677,0.019547552608894726,77.72357424081432,1.7772977286632161,1.7607498437596778,2.6404089223485174,0.06285362490344974,0.9256676148938782,0.021167155081553923,0.020970074063345254,0.031446585587045696,0.0007485703741768788,83.96488436048918,44.14231500078026,8.423578789369634,0.375599112076381,0.022334237492942534
428.0,432.0,True,,,100.0,26.67,,,indeterminate,39.3,100.0,26.405,16.375,0.0,60.7,269.2438136911269,5.789457786909865,3.727090779816246,9.163750211475952,0.3166779215643438,0.9340933784076709,0.02008549095032171,0.012930476546230007,0.031791996542365406,0.0010986575534118052,288.2407903908933,72.23967152858059,7.0699791309852165,0.24040690189216138,0.020369131828705363,113.45115387386093,1.6946558853669909,1.262698361878873,3.8178609327165702,0.17592733525508986,0.942267359313854,0.014074946543301237,0.010487327897787594,0.03170920362165853,0.001461162623398668,120.40229638907846,89.84818330250117,6.696795069843913,0.24978806157502803,0.02100045631945436
432.0,436.0,True,,,100.0,26.47,,,indeterminate,38.5,100.0,26.32,16.12,0.0,60.8,199.0012785053505,5.633176625504453,7.451114142864323,8.307780935155984,0.46144222600324697,0.901050306907097,0.025506245816085054,0.03373761583671029,0.03761648476614165,0.0020893466739659193,220.85479243487853,26.707586904426535,11.869248695686595,0.33449735294980804,0.020562378629013146,63.844948378249384,2.5123170430994657,2.0744829443859953,3.2783377705987706,0.14724778005787528,0.8884959251693811,0.03496256966648157,0.028869467197318078,0.045622869537759805,0.002049168429059771,71.85733391639147,30.77631876946869,12.227476187681924,0.3543030206753809,0.021152994080519513
436.0,440.0,True,,,100.0,27.05,,,indeterminate,40.0,100.0,26.74,16.63,0.0,60.61,346.9294022480227,7.45671116353793,10.491815802283234,13.573129600338769,0.27504364184199875,0.9160430189474624,0.019688928529566455,0.02770291177250314,0.03583890709490983,0.0007262336555583337,378.7261024560246,33.06666918156567,11.103648934057963,0.3243265289245938,0.01972018617859259,156.02217054065073,2.3343412245977007,3.6259950571006776,4.61232840956473,0.11675286418282275,0.9358807766303306,0.014002273334785395,0.02175010806693632,0.027666513541374643,0.0007003284265729838,166.71158809609668,43.028787431774674,8.051408996844891,0.32239141002615457,0.02128055472120067
440.0,444.0,True,,,100.0,27.05,,,indeterminate,40.8,100.0,26.81,16.78,0.0,60.99,103.52803519577355,11.81833140367246,9.158919815519845,8.585745956302338,0.25657140651589744,0.7763771696137631,0.0886279998204318,0.06868454742375907,0.06438620352421164,0.0019240796178344422,133.3476037777841,11.303520205553571,16.048224744633377,0.48621658578484556,0.0195594288382186,61.82895819610282,4.693892773209407,4.203334095258144,3.319202168564473,0.15319146192720393,0.8332903309402283,0.06326122219268046,0.05664979261304744,0.04473403974765581,0.0020646145063880975,74.19857869506204,14.709503645178517,12.203340950211972,0.4004557252126737,0.020210224712988754
444.0,448.0,True,,,100.0,26.51,,,indeterminate,40.7,100.0,26.27,17.25,0.0,60.85,113.64701496679513,4.589856146838187,6.600302543558504,11.096187916828969,0.17013064281239612,0.835004400810954,0.03372327977834588,0.0484947332067221,0.08152757681743451,0.0012500093865435327,136.1034922168332,17.21845539909496,15.786474074650787,0.4584013519197043,0.020616748409923162,76.8671316884201,1.5404527686562224,2.524523158232137,4.079435901734446,0.10167519555941948,0.9031162591556267,0.018098866333063898,0.02966076476036668,0.04792952215224382,0.0011945875986988715,85.11321871260233,30.448178475910005,12.780296802936066,0.39249109426166334,0.02178191933627718
448.0,452.0,True,,,98.7,26.83,,,indeterminate,46.2,100.0,26.49,17.62,0.0,60.54,134.1478916153145,6.4203868900766485,12.429275555737382,12.061679191470871,0.29079873033982134,0.8112964358492281,0.03882906349083198,0.07516947778407342,0.07294633721459086,0.0017586856612753835,165.35003198293927,10.792897060954735,14.89738014251168,0.3804938977421761,0.02037293259674403,57.01067770053734,2.0117372940303646,4.15199811160722,3.8067278720385467,0.12563257786884938,0.8495517617590795,0.029978155518818383,0.06187152043805715,0.05672643267310709,0.0018721296109379482,67.10677355608232,13.730901644959747,13.770530883508819,0.3542134714184064,0.024457779316043562
